4,1,0.1,0.5335
4,1,2,0.403
4,1,4,0.281
4,1,6,0.2085
4,1,8,0.162
4,1,10,0.0965
4,2,0.1,0.44733
4,2,2,0.32433
4,2,4,0.23267
4,2,6,0.17
4,2,8,0.11133
4,2,10,0.074667
4,3,0.1,0.4355
4,3,2,0.3245
4,3,4,0.2315
4,3,6,0.17025
4,3,8,0.1195
4,3,10,0.07675
4,4,0.1,0.4136
4,4,2,0.3296
4,4,4,0.2362
4,4,6,0.1716
4,4,8,0.114
4,4,10,0.076
4,5,0.1,0.42133
4,5,2,0.3235
4,5,4,0.24733
4,5,6,0.18333
4,5,8,0.115
4,5,10,0.0855
4,6,0.1,0.43571
4,6,2,0.35657
4,6,4,0.27686
4,6,6,0.17171
4,6,8,0.126
4,6,10,0.087143
4,7,0.1,0.42912
4,7,2,0.33175
4,7,4,0.27763
4,7,6,0.20438
4,7,8,0.12937
4,7,10,0.09475
4,8,0.1,0.43489
4,8,2,0.36789
4,8,4,0.26344
4,8,6,0.20222
4,8,8,0.14611
4,8,10,0.085111
4,9,0.1,0.4403
4,9,2,0.3603
4,9,4,0.2785
4,9,6,0.1982
4,9,8,0.1426
4,9,10,0.0951
4,10,0.1,0.45482
4,10,2,0.36918
4,10,4,0.29282
4,10,6,0.20709
4,10,8,0.13273
4,10,10,0.087
4,11,0.1,0.47467
4,11,2,0.369
4,11,4,0.29033
4,11,6,0.20808
4,11,8,0.14067
4,11,10,0.10575
4,12,0.1,0.47431
4,12,2,0.38238
4,12,4,0.28
4,12,6,0.20131
4,12,8,0.13992
4,12,10,0.098769
4,13,0.1,0.46364
4,13,2,0.39164
4,13,4,0.305
4,13,6,0.20636
4,13,8,0.14964
4,13,10,0.10629
4,14,0.1,0.46827
4,14,2,0.37587
4,14,4,0.28373
4,14,6,0.22327
4,14,8,0.1372
4,14,10,0.095267
4,15,0.1,0.48406
4,15,2,0.39137
4,15,4,0.30906
4,15,6,0.21644
4,15,8,0.14438
4,15,10,0.099062
4,16,0.1,0.46024
4,16,2,0.38129
4,16,4,0.30376
4,16,6,0.23382
4,16,8,0.13959
4,16,10,0.11194
4,17,0.1,0.48628
4,17,2,0.39167
4,17,4,0.295
4,17,6,0.22317
4,17,8,0.16406
4,17,10,0.10078
4,18,0.1,0.47805
4,18,2,0.40179
4,18,4,0.29932
4,18,6,0.22805
4,18,8,0.14084
4,18,10,0.10111
4,19,0.1,0.4769
4,19,2,0.4043
4,19,4,0.3184
4,19,6,0.21635
4,19,8,0.1545
4,19,10,0.10755
4,20,0.1,0.48252
4,20,2,0.39867
4,20,4,0.30281
4,20,6,0.23119
4,20,8,0.15352
4,20,10,0.10738
4,21,0.1,0.49264
4,21,2,0.39532
4,21,4,0.30977
4,21,6,0.21705
4,21,8,0.15668
4,21,10,0.10382
4,22,0.1,0.49035
4,22,2,0.42026
4,22,4,0.32987
4,22,6,0.24009
4,22,8,0.16126
4,22,10,0.10435
4,23,0.1,0.48658
4,23,2,0.407
4,23,4,0.30425
4,23,6,0.211
4,23,8,0.15158
4,23,10,0.10171
4,24,0.1,0.48616
4,24,2,0.4102
4,24,4,0.31168
4,24,6,0.2302
4,24,8,0.15332
4,24,10,0.12404
4,25,0.1,0.49727
4,25,2,0.40685
4,25,4,0.30315
4,25,6,0.22842
4,25,8,0.15035
4,25,10,0.10831
4,26,0.1,0.47837
4,26,2,0.41893
4,26,4,0.3017
4,26,6,0.2117
4,26,8,0.16426
4,26,10,0.10867
4,27,0.1,0.48189
4,27,2,0.42311
4,27,4,0.3215
4,27,6,0.239
4,27,8,0.16579
4,27,10,0.11271
4,28,0.1,0.48683
4,28,2,0.40952
4,28,4,0.32107
4,28,6,0.23855
4,28,8,0.16879
4,28,10,0.10772
4,29,0.1,0.49667
4,29,2,0.4185
4,29,4,0.30793
4,29,6,0.23227
4,29,8,0.16243
4,29,10,0.1087
4,30,0.1,0.48939
4,30,2,0.40713
4,30,4,0.31839
4,30,6,0.23352
4,30,8,0.14816
4,30,10,0.10229
4,31,0.1,0.48588
4,31,2,0.4025
4,31,4,0.32166
4,31,6,0.24309
4,31,8,0.15669
4,31,10,0.10981
4,32,0.1,0.49942
4,32,2,0.40918
4,32,4,0.31467
4,32,6,0.23894
4,32,8,0.15085
4,32,10,0.1143
4,33,0.1,0.48103
4,33,2,0.39741
4,33,4,0.313
4,33,6,0.22944
4,33,8,0.15603
4,33,10,0.10956
4,34,0.1,0.49923
4,34,2,0.40486
4,34,4,0.3108
4,34,6,0.23949
4,34,8,0.16486
4,34,10,0.097286
4,35,0.1,0.48564
4,35,2,0.41956
4,35,4,0.30181
4,35,6,0.23567
4,35,8,0.1465
4,35,10,0.12408
4,36,0.1,0.47892
4,36,2,0.41459
4,36,4,0.30922
4,36,6,0.22022
4,36,8,0.14359
4,36,10,0.097676
4,37,0.1,0.49032
4,37,2,0.40337
4,37,4,0.31787
4,37,6,0.22737
4,37,8,0.15771
4,37,10,0.11179
4,38,0.1,0.49303
4,38,2,0.41777
4,38,4,0.3059
4,38,6,0.25105
4,38,8,0.15838
4,38,10,0.11587
4,39,0.1,0.49172
4,39,2,0.4003
4,39,4,0.31595
4,39,6,0.2269
4,39,8,0.15877
4,39,10,0.10377
4,40,0.1,0.48398
4,40,2,0.40993
4,40,4,0.32149
4,40,6,0.22554
4,40,8,0.14768
4,40,10,0.10163
4,41,0.1,0.48671
4,41,2,0.41019
4,41,4,0.31264
4,41,6,0.23943
4,41,8,0.15314
4,41,10,0.11026
4,42,0.1,0.48112
4,42,2,0.40053
4,42,4,0.30798
4,42,6,0.21679
4,42,8,0.16281
4,42,10,0.11333
4,43,0.1,0.47486
4,43,2,0.39086
4,43,4,0.30625
4,43,6,0.2238
4,43,8,0.15655
4,43,10,0.10343
4,44,0.1,0.47867
4,44,2,0.39107
4,44,4,0.31211
4,44,6,0.22624
4,44,8,0.15584
4,44,10,0.10722
4,45,0.1,0.46748
4,45,2,0.3947
4,45,4,0.31285
4,45,6,0.2318
4,45,8,0.14837
4,45,10,0.11035
4,46,0.1,0.47091
4,46,2,0.38957
4,46,4,0.3053
4,46,6,0.20845
4,46,8,0.15338
4,46,10,0.10821
4,47,0.1,0.48173
4,47,2,0.39702
4,47,4,0.3096
4,47,6,0.22354
4,47,8,0.16462
4,47,10,0.10842
4,48,0.1,0.46178
4,48,2,0.39129
4,48,4,0.31124
4,48,6,0.20953
4,48,8,0.14269
4,48,10,0.1012
4,49,0.1,0.4661
4,49,2,0.3643
4,49,4,0.30136
4,49,6,0.2313
4,49,8,0.15146
4,49,10,0.08696
4,50,0.1,0.46796
4,50,2,0.38369
4,50,4,0.29682
4,50,6,0.21747
4,50,8,0.15565
4,50,10,0.10959
4,51,0.1,0.45875
4,51,2,0.37367
4,51,4,0.2939
4,51,6,0.2031
4,51,8,0.14831
4,51,10,0.097923
4,52,0.1,0.44245
4,52,2,0.38747
4,52,4,0.29838
4,52,6,0.19775
4,52,8,0.15157
4,52,10,0.11306
4,53,0.1,0.46265
4,53,2,0.38013
4,53,4,0.27835
4,53,6,0.2048
4,53,8,0.14117
4,53,10,0.088056
4,54,0.1,0.44769
4,54,2,0.35167
4,54,4,0.27524
4,54,6,0.2188
4,54,8,0.14753
4,54,10,0.082255
4,55,0.1,0.442
4,55,2,0.35632
4,55,4,0.27689
4,55,6,0.2022
4,55,8,0.12954
4,55,10,0.0915
4,56,0.1,0.42579
4,56,2,0.35654
4,56,4,0.26496
4,56,6,0.19942
4,56,8,0.14596
4,56,10,0.08207
4,57,0.1,0.43136
4,57,2,0.3449
4,57,4,0.25626
4,57,6,0.18693
4,57,8,0.12803
4,57,10,0.095552
4,58,0.1,0.41708
4,58,2,0.32317
4,58,4,0.26032
4,58,6,0.18475
4,58,8,0.12005
4,58,10,0.083051
4,59,0.1,0.39897
4,59,2,0.32498
4,59,4,0.24688
4,59,6,0.17615
4,59,8,0.14168
4,59,10,0.081017
4,60,0.1,0.38948
4,60,2,0.29487
4,60,4,0.2333
4,60,6,0.16739
4,60,8,0.11523
4,60,10,0.074918
4,61,0.1,0.37447
4,61,2,0.29137
4,61,4,0.21632
4,61,6,0.1525
4,61,8,0.11106
4,61,10,0.077403
4,62,0.1,0.308
4,62,2,0.26237
4,62,4,0.19175
4,62,6,0.12983
4,62,8,0.090968
4,62,10,0.064746
4,63,0.1,0.28539
4,63,2,0.2123
4,63,4,0.15039
4,63,6,0.11464
4,63,8,0.078359
4,63,10,0.037359
4,64,0.1,0.16282
4,64,2,0.11486
4,64,4,0.079769
4,64,6,0.053262
4,64,8,0.034031
4,64,10,0.023523
8,1,0.1,0.612
8,1,2,0.5005
8,1,4,0.411
8,1,6,0.3215
8,1,8,0.2045
8,1,10,0.1445
8,2,0.1,0.55167
8,2,2,0.43867
8,2,4,0.33933
8,2,6,0.25567
8,2,8,0.163
8,2,10,0.113
8,3,0.1,0.50075
8,3,2,0.44625
8,3,4,0.34975
8,3,6,0.27675
8,3,8,0.184
8,3,10,0.13775
8,4,0.1,0.5362
8,4,2,0.4624
8,4,4,0.3806
8,4,6,0.273
8,4,8,0.202
8,4,10,0.143
8,5,0.1,0.57117
8,5,2,0.488
8,5,4,0.40033
8,5,6,0.30083
8,5,8,0.20983
8,5,10,0.15183
8,6,0.1,0.58957
8,6,2,0.49986
8,6,4,0.40343
8,6,6,0.31443
8,6,8,0.233
8,6,10,0.14886
8,7,0.1,0.59237
8,7,2,0.5185
8,7,4,0.404
8,7,6,0.32362
8,7,8,0.2255
8,7,10,0.16362
8,8,0.1,0.59711
8,8,2,0.52611
8,8,4,0.43044
8,8,6,0.326
8,8,8,0.24133
8,8,10,0.167
8,9,0.1,0.5993
8,9,2,0.5242
8,9,4,0.4347
8,9,6,0.3391
8,9,8,0.2586
8,9,10,0.1789
8,10,0.1,0.59491
8,10,2,0.54073
8,10,4,0.43755
8,10,6,0.33082
8,10,8,0.26282
8,10,10,0.181
8,11,0.1,0.63242
8,11,2,0.55025
8,11,4,0.46008
8,11,6,0.36317
8,11,8,0.2535
8,11,10,0.16475
8,12,0.1,0.64338
8,12,2,0.55962
8,12,4,0.46354
8,12,6,0.36169
8,12,8,0.27423
8,12,10,0.18723
8,13,0.1,0.6385
8,13,2,0.5555
8,13,4,0.47814
8,13,6,0.36079
8,13,8,0.274
8,13,10,0.19879
8,14,0.1,0.64627
8,14,2,0.56667
8,14,4,0.4866
8,14,6,0.3702
8,14,8,0.26753
8,14,10,0.20613
8,15,0.1,0.6405
8,15,2,0.56075
8,15,4,0.49619
8,15,6,0.37612
8,15,8,0.26012
8,15,10,0.202
8,16,0.1,0.65829
8,16,2,0.57776
8,16,4,0.486
8,16,6,0.36853
8,16,8,0.26812
8,16,10,0.19135
8,17,0.1,0.65844
8,17,2,0.58172
8,17,4,0.48339
8,17,6,0.37606
8,17,8,0.28267
8,17,10,0.21117
8,18,0.1,0.65211
8,18,2,0.57684
8,18,4,0.48895
8,18,6,0.38779
8,18,8,0.29011
8,18,10,0.21084
8,19,0.1,0.65565
8,19,2,0.58925
8,19,4,0.4936
8,19,6,0.3993
8,19,8,0.2859
8,19,10,0.2068
8,20,0.1,0.65076
8,20,2,0.58748
8,20,4,0.48981
8,20,6,0.40857
8,20,8,0.29257
8,20,10,0.21957
8,21,0.1,0.65532
8,21,2,0.582
8,21,4,0.49918
8,21,6,0.38032
8,21,8,0.27782
8,21,10,0.19795
8,22,0.1,0.65604
8,22,2,0.59896
8,22,4,0.498
8,22,6,0.38322
8,22,8,0.32496
8,22,10,0.22417
8,23,0.1,0.66696
8,23,2,0.606
8,23,4,0.48279
8,23,6,0.40754
8,23,8,0.29421
8,23,10,0.20538
8,24,0.1,0.66492
8,24,2,0.612
8,24,4,0.49852
8,24,6,0.39768
8,24,8,0.2978
8,24,10,0.19064
8,25,0.1,0.67073
8,25,2,0.60058
8,25,4,0.50331
8,25,6,0.3915
8,25,8,0.30662
8,25,10,0.20804
8,26,0.1,0.67107
8,26,2,0.60319
8,26,4,0.49833
8,26,6,0.42041
8,26,8,0.31141
8,26,10,0.21019
8,27,0.1,0.66714
8,27,2,0.59196
8,27,4,0.49386
8,27,6,0.39679
8,27,8,0.30896
8,27,10,0.2
8,28,0.1,0.66303
8,28,2,0.60607
8,28,4,0.50438
8,28,6,0.4029
8,28,8,0.30759
8,28,10,0.20769
8,29,0.1,0.67093
8,29,2,0.60113
8,29,4,0.49317
8,29,6,0.4149
8,29,8,0.28393
8,29,10,0.2135
8,30,0.1,0.6659
8,30,2,0.59942
8,30,4,0.50052
8,30,6,0.39074
8,30,8,0.31006
8,30,10,0.21874
8,31,0.1,0.67678
8,31,2,0.59469
8,31,4,0.49591
8,31,6,0.39681
8,31,8,0.30359
8,31,10,0.20784
8,32,0.1,0.66864
8,32,2,0.60267
8,32,4,0.51021
8,32,6,0.40527
8,32,8,0.30142
8,32,10,0.22691
8,33,0.1,0.67285
8,33,2,0.61888
8,33,4,0.5165
8,33,6,0.411
8,33,8,0.31274
8,33,10,0.2105
8,34,0.1,0.67183
8,34,2,0.58851
8,34,4,0.49383
8,34,6,0.40171
8,34,8,0.29451
8,34,10,0.22049
8,35,0.1,0.66433
8,35,2,0.59058
8,35,4,0.50978
8,35,6,0.39753
8,35,8,0.30306
8,35,10,0.20522
8,36,0.1,0.66973
8,36,2,0.60308
8,36,4,0.49719
8,36,6,0.39443
8,36,8,0.30205
8,36,10,0.21041
8,37,0.1,0.67374
8,37,2,0.61413
8,37,4,0.50642
8,37,6,0.39661
8,37,8,0.29287
8,37,10,0.22061
8,38,0.1,0.67546
8,38,2,0.59664
8,38,4,0.50662
8,38,6,0.40444
8,38,8,0.30854
8,38,10,0.21256
8,39,0.1,0.66405
8,39,2,0.59615
8,39,4,0.49557
8,39,6,0.40615
8,39,8,0.30628
8,39,10,0.21725
8,40,0.1,0.66229
8,40,2,0.59859
8,40,4,0.507
8,40,6,0.38785
8,40,8,0.30198
8,40,10,0.2089
8,41,0.1,0.67271
8,41,2,0.59195
8,41,4,0.50064
8,41,6,0.39793
8,41,8,0.31462
8,41,10,0.20981
8,42,0.1,0.67256
8,42,2,0.5794
8,42,4,0.49165
8,42,6,0.38779
8,42,8,0.29733
8,42,10,0.22044
8,43,0.1,0.66325
8,43,2,0.59277
8,43,4,0.51468
8,43,6,0.41557
8,43,8,0.29855
8,43,10,0.21405
8,44,0.1,0.66302
8,44,2,0.59071
8,44,4,0.50771
8,44,6,0.37567
8,44,8,0.29618
8,44,10,0.20229
8,45,0.1,0.65824
8,45,2,0.59183
8,45,4,0.49967
8,45,6,0.4027
8,45,8,0.27683
8,45,10,0.19426
8,46,0.1,0.66111
8,46,2,0.59896
8,46,4,0.49328
8,46,6,0.39919
8,46,8,0.28089
8,46,10,0.21474
8,47,0.1,0.65913
8,47,2,0.59017
8,47,4,0.47312
8,47,6,0.38325
8,47,8,0.28258
8,47,10,0.2055
8,48,0.1,0.64957
8,48,2,0.5791
8,48,4,0.4828
8,48,6,0.392
8,48,8,0.28816
8,48,10,0.20808
8,49,0.1,0.6546
8,49,2,0.58096
8,49,4,0.49186
8,49,6,0.36972
8,49,8,0.2763
8,49,10,0.18506
8,50,0.1,0.64741
8,50,2,0.58488
8,50,4,0.4759
8,50,6,0.38786
8,50,8,0.27359
8,50,10,0.19131
8,51,0.1,0.64969
8,51,2,0.58156
8,51,4,0.4696
8,51,6,0.37329
8,51,8,0.26665
8,51,10,0.1985
8,52,0.1,0.64011
8,52,2,0.55115
8,52,4,0.47034
8,52,6,0.37119
8,52,8,0.28758
8,52,10,0.21292
8,53,0.1,0.64046
8,53,2,0.544
8,53,4,0.46643
8,53,6,0.37246
8,53,8,0.27781
8,53,10,0.20343
8,54,0.1,0.64671
8,54,2,0.55905
8,54,4,0.45809
8,54,6,0.36198
8,54,8,0.28209
8,54,10,0.20084
8,55,0.1,0.62463
8,55,2,0.55466
8,55,4,0.45373
8,55,6,0.35895
8,55,8,0.27095
8,55,10,0.19291
8,56,0.1,0.61358
8,56,2,0.53196
8,56,4,0.45282
8,56,6,0.35504
8,56,8,0.24905
8,56,10,0.16726
8,57,0.1,0.61331
8,57,2,0.52972
8,57,4,0.43329
8,57,6,0.33605
8,57,8,0.24778
8,57,10,0.18052
8,58,0.1,0.60831
8,58,2,0.50556
8,58,4,0.43008
8,58,6,0.36293
8,58,8,0.24063
8,58,10,0.16093
8,59,0.1,0.58973
8,59,2,0.5193
8,59,4,0.4138
8,59,6,0.31703
8,59,8,0.2183
8,59,10,0.15188
8,60,0.1,0.57393
8,60,2,0.48456
8,60,4,0.417
8,60,6,0.31726
8,60,8,0.21731
8,60,10,0.14975
8,61,0.1,0.55603
8,61,2,0.47494
8,61,4,0.38374
8,61,6,0.30102
8,61,8,0.216
8,61,10,0.15532
8,62,0.1,0.51919
8,62,2,0.4487
8,62,4,0.3411
8,62,6,0.25952
8,62,8,0.19232
8,62,10,0.12125
8,63,0.1,0.46111
8,63,2,0.37591
8,63,4,0.29869
8,63,6,0.23494
8,63,8,0.16145
8,63,10,0.10383
8,64,0.1,0.34134
8,64,2,0.26435
8,64,4,0.18063
8,64,6,0.13118
8,64,8,0.074646
8,64,10,0.057862
16,1,0.1,0.6455
16,1,2,0.5245
16,1,4,0.448
16,1,6,0.344
16,1,8,0.2475
16,1,10,0.171
16,2,0.1,0.585
16,2,2,0.48633
16,2,4,0.40233
16,2,6,0.30233
16,2,8,0.21733
16,2,10,0.157
16,3,0.1,0.597
16,3,2,0.53075
16,3,4,0.409
16,3,6,0.33125
16,3,8,0.24025
16,3,10,0.1675
16,4,0.1,0.6078
16,4,2,0.5386
16,4,4,0.4484
16,4,6,0.3478
16,4,8,0.268
16,4,10,0.1962
16,5,0.1,0.63517
16,5,2,0.55883
16,5,4,0.46333
16,5,6,0.38367
16,5,8,0.29
16,5,10,0.19983
16,6,0.1,0.642
16,6,2,0.57643
16,6,4,0.49743
16,6,6,0.39943
16,6,8,0.29729
16,6,10,0.22757
16,7,0.1,0.669
16,7,2,0.59275
16,7,4,0.5015
16,7,6,0.40163
16,7,8,0.28975
16,7,10,0.23287
16,8,0.1,0.67322
16,8,2,0.59656
16,8,4,0.52678
16,8,6,0.41044
16,8,8,0.32489
16,8,10,0.25733
16,9,0.1,0.6942
16,9,2,0.6261
16,9,4,0.5296
16,9,6,0.4384
16,9,8,0.3489
16,9,10,0.2579
16,10,0.1,0.69173
16,10,2,0.63673
16,10,4,0.54482
16,10,6,0.43582
16,10,8,0.34382
16,10,10,0.25782
16,11,0.1,0.71525
16,11,2,0.63717
16,11,4,0.55608
16,11,6,0.47125
16,11,8,0.35367
16,11,10,0.2735
16,12,0.1,0.71954
16,12,2,0.64823
16,12,4,0.56923
16,12,6,0.46762
16,12,8,0.36585
16,12,10,0.26538
16,13,0.1,0.72471
16,13,2,0.66064
16,13,4,0.57379
16,13,6,0.46757
16,13,8,0.38421
16,13,10,0.27257
16,14,0.1,0.7298
16,14,2,0.6642
16,14,4,0.57833
16,14,6,0.48353
16,14,8,0.36527
16,14,10,0.28633
16,15,0.1,0.73875
16,15,2,0.67194
16,15,4,0.59881
16,15,6,0.46219
16,15,8,0.38969
16,15,10,0.30444
16,16,0.1,0.73276
16,16,2,0.67776
16,16,4,0.57824
16,16,6,0.49982
16,16,8,0.39888
16,16,10,0.30176
16,17,0.1,0.74472
16,17,2,0.67233
16,17,4,0.60644
16,17,6,0.50072
16,17,8,0.40806
16,17,10,0.28289
16,18,0.1,0.74689
16,18,2,0.68705
16,18,4,0.59553
16,18,6,0.50637
16,18,8,0.40374
16,18,10,0.30363
16,19,0.1,0.7513
16,19,2,0.70575
16,19,4,0.61275
16,19,6,0.4986
16,19,8,0.42285
16,19,10,0.30385
16,20,0.1,0.74905
16,20,2,0.68338
16,20,4,0.60605
16,20,6,0.51862
16,20,8,0.39852
16,20,10,0.30376
16,21,0.1,0.76014
16,21,2,0.69955
16,21,4,0.617
16,21,6,0.52073
16,21,8,0.41873
16,21,10,0.30364
16,22,0.1,0.76257
16,22,2,0.68874
16,22,4,0.61396
16,22,6,0.52222
16,22,8,0.39991
16,22,10,0.3313
16,23,0.1,0.76346
16,23,2,0.71346
16,23,4,0.63508
16,23,6,0.52942
16,23,8,0.42058
16,23,10,0.31367
16,24,0.1,0.7624
16,24,2,0.7076
16,24,4,0.6344
16,24,6,0.52352
16,24,8,0.41928
16,24,10,0.29824
16,25,0.1,0.77092
16,25,2,0.69854
16,25,4,0.62773
16,25,6,0.53604
16,25,8,0.42042
16,25,10,0.33258
16,26,0.1,0.75137
16,26,2,0.70522
16,26,4,0.64526
16,26,6,0.51241
16,26,8,0.42778
16,26,10,0.32581
16,27,0.1,0.76439
16,27,2,0.70682
16,27,4,0.627
16,27,6,0.55932
16,27,8,0.429
16,27,10,0.34986
16,28,0.1,0.76983
16,28,2,0.73162
16,28,4,0.62852
16,28,6,0.5379
16,28,8,0.42703
16,28,10,0.32193
16,29,0.1,0.76063
16,29,2,0.71077
16,29,4,0.6223
16,29,6,0.56
16,29,8,0.42427
16,29,10,0.32633
16,30,0.1,0.7709
16,30,2,0.72342
16,30,4,0.6489
16,30,6,0.53674
16,30,8,0.43442
16,30,10,0.32168
16,31,0.1,0.7675
16,31,2,0.71844
16,31,4,0.63587
16,31,6,0.54316
16,31,8,0.42259
16,31,10,0.31853
16,32,0.1,0.78203
16,32,2,0.73088
16,32,4,0.64645
16,32,6,0.53273
16,32,8,0.40864
16,32,10,0.33379
16,33,0.1,0.76779
16,33,2,0.71121
16,33,4,0.62662
16,33,6,0.55344
16,33,8,0.43276
16,33,10,0.30841
16,34,0.1,0.77446
16,34,2,0.7236
16,34,4,0.64143
16,34,6,0.51951
16,34,8,0.4408
16,34,10,0.31883
16,35,0.1,0.77644
16,35,2,0.72172
16,35,4,0.64764
16,35,6,0.55397
16,35,8,0.42853
16,35,10,0.32433
16,36,0.1,0.7777
16,36,2,0.71795
16,36,4,0.64824
16,36,6,0.54441
16,36,8,0.443
16,36,10,0.30811
16,37,0.1,0.77676
16,37,2,0.71926
16,37,4,0.64592
16,37,6,0.54887
16,37,8,0.41829
16,37,10,0.33408
16,38,0.1,0.77387
16,38,2,0.72118
16,38,4,0.64782
16,38,6,0.54877
16,38,8,0.42713
16,38,10,0.33308
16,39,0.1,0.78107
16,39,2,0.71748
16,39,4,0.63117
16,39,6,0.54042
16,39,8,0.4086
16,39,10,0.33282
16,40,0.1,0.77634
16,40,2,0.71602
16,40,4,0.62734
16,40,6,0.55246
16,40,8,0.45305
16,40,10,0.33705
16,41,0.1,0.78621
16,41,2,0.7195
16,41,4,0.64457
16,41,6,0.54971
16,41,8,0.44264
16,41,10,0.31943
16,42,0.1,0.78416
16,42,2,0.71909
16,42,4,0.64502
16,42,6,0.54223
16,42,8,0.44688
16,42,10,0.31826
16,43,0.1,0.77502
16,43,2,0.71673
16,43,4,0.6313
16,43,6,0.55002
16,43,8,0.44514
16,43,10,0.34405
16,44,0.1,0.77109
16,44,2,0.71691
16,44,4,0.63598
16,44,6,0.53693
16,44,8,0.43247
16,44,10,0.33171
16,45,0.1,0.77189
16,45,2,0.7083
16,45,4,0.64578
16,45,6,0.53972
16,45,8,0.43383
16,45,10,0.30415
16,46,0.1,0.77255
16,46,2,0.72247
16,46,4,0.65294
16,46,6,0.53177
16,46,8,0.44374
16,46,10,0.3154
16,47,0.1,0.77475
16,47,2,0.71035
16,47,4,0.62906
16,47,6,0.53681
16,47,8,0.44556
16,47,10,0.3145
16,48,0.1,0.76622
16,48,2,0.71384
16,48,4,0.63788
16,48,6,0.53965
16,48,8,0.42698
16,48,10,0.29947
16,49,0.1,0.75594
16,49,2,0.70816
16,49,4,0.64036
16,49,6,0.52874
16,49,8,0.43824
16,49,10,0.3111
16,50,0.1,0.7611
16,50,2,0.70759
16,50,4,0.64635
16,50,6,0.51104
16,50,8,0.42449
16,50,10,0.32133
16,51,0.1,0.76369
16,51,2,0.70762
16,51,4,0.63021
16,51,6,0.5384
16,51,8,0.4069
16,51,10,0.32856
16,52,0.1,0.75645
16,52,2,0.69975
16,52,4,0.61783
16,52,6,0.51115
16,52,8,0.40426
16,52,10,0.29308
16,53,0.1,0.76641
16,53,2,0.70424
16,53,4,0.62274
16,53,6,0.52952
16,53,8,0.41004
16,53,10,0.31909
16,54,0.1,0.76262
16,54,2,0.68685
16,54,4,0.61222
16,54,6,0.50029
16,54,8,0.39973
16,54,10,0.29131
16,55,0.1,0.74914
16,55,2,0.69436
16,55,4,0.60902
16,55,6,0.50727
16,55,8,0.41177
16,55,10,0.29932
16,56,0.1,0.74812
16,56,2,0.68668
16,56,4,0.59291
16,56,6,0.52484
16,56,8,0.39314
16,56,10,0.28916
16,57,0.1,0.73331
16,57,2,0.66672
16,57,4,0.5829
16,57,6,0.48038
16,57,8,0.36683
16,57,10,0.29693
16,58,0.1,0.7339
16,58,2,0.67325
16,58,4,0.58527
16,58,6,0.48259
16,58,8,0.39198
16,58,10,0.25942
16,59,0.1,0.71847
16,59,2,0.65907
16,59,4,0.57537
16,59,6,0.47593
16,59,8,0.37048
16,59,10,0.26528
16,60,0.1,0.69421
16,60,2,0.63979
16,60,4,0.55764
16,60,6,0.4521
16,60,8,0.35838
16,60,10,0.25615
16,61,0.1,0.70298
16,61,2,0.62923
16,61,4,0.52289
16,61,6,0.44279
16,61,8,0.32623
16,61,10,0.24958
16,62,0.1,0.65967
16,62,2,0.59976
16,62,4,0.50329
16,62,6,0.40008
16,62,8,0.32505
16,62,10,0.21941
16,63,0.1,0.62928
16,63,2,0.55464
16,63,4,0.452
16,63,6,0.34353
16,63,8,0.25917
16,63,10,0.1833
16,64,0.1,0.51077
16,64,2,0.42748
16,64,4,0.33257
16,64,6,0.24723
16,64,8,0.17906
16,64,10,0.12437
32,1,0.1,0.7645
32,1,2,0.7075
32,1,4,0.627
32,1,6,0.5705
32,1,8,0.5035
32,1,10,0.446
32,2,0.1,0.74367
32,2,2,0.70267
32,2,4,0.65533
32,2,6,0.59067
32,2,8,0.54233
32,2,10,0.482
32,3,0.1,0.76225
32,3,2,0.7275
32,3,4,0.69325
32,3,6,0.63775
32,3,8,0.57575
32,3,10,0.53625
32,4,0.1,0.796
32,4,2,0.762
32,4,4,0.7136
32,4,6,0.6818
32,4,8,0.6188
32,4,10,0.5746
32,5,0.1,0.80717
32,5,2,0.77767
32,5,4,0.743
32,5,6,0.68817
32,5,8,0.64767
32,5,10,0.608
32,6,0.1,0.82443
32,6,2,0.79729
32,6,4,0.76043
32,6,6,0.72
32,6,8,0.68143
32,6,10,0.61486
32,7,0.1,0.83688
32,7,2,0.81388
32,7,4,0.77087
32,7,6,0.735
32,7,8,0.68288
32,7,10,0.64063
32,8,0.1,0.84444
32,8,2,0.82433
32,8,4,0.78944
32,8,6,0.74422
32,8,8,0.70289
32,8,10,0.64889
32,9,0.1,0.8629
32,9,2,0.8301
32,9,4,0.8081
32,9,6,0.76
32,9,8,0.7157
32,9,10,0.6557
32,10,0.1,0.86627
32,10,2,0.84782
32,10,4,0.81
32,10,6,0.77445
32,10,8,0.72227
32,10,10,0.66873
32,11,0.1,0.87
32,11,2,0.85083
32,11,4,0.82083
32,11,6,0.77658
32,11,8,0.72867
32,11,10,0.67225
32,12,0.1,0.87869
32,12,2,0.85546
32,12,4,0.82808
32,12,6,0.78615
32,12,8,0.73992
32,12,10,0.68277
32,13,0.1,0.88557
32,13,2,0.86621
32,13,4,0.83021
32,13,6,0.79329
32,13,8,0.75086
32,13,10,0.67921
32,14,0.1,0.88733
32,14,2,0.8688
32,14,4,0.835
32,14,6,0.7916
32,14,8,0.7452
32,14,10,0.70287
32,15,0.1,0.89263
32,15,2,0.87075
32,15,4,0.84481
32,15,6,0.80569
32,15,8,0.75038
32,15,10,0.70425
32,16,0.1,0.89676
32,16,2,0.87535
32,16,4,0.84818
32,16,6,0.81365
32,16,8,0.75353
32,16,10,0.69359
32,17,0.1,0.89833
32,17,2,0.87744
32,17,4,0.84494
32,17,6,0.80106
32,17,8,0.76394
32,17,10,0.70106
32,18,0.1,0.90379
32,18,2,0.88547
32,18,4,0.85221
32,18,6,0.80579
32,18,8,0.76889
32,18,10,0.70868
32,19,0.1,0.90515
32,19,2,0.8838
32,19,4,0.8552
32,19,6,0.8187
32,19,8,0.7638
32,19,10,0.70245
32,20,0.1,0.9071
32,20,2,0.88195
32,20,4,0.85581
32,20,6,0.8151
32,20,8,0.7811
32,20,10,0.71881
32,21,0.1,0.90891
32,21,2,0.88609
32,21,4,0.86
32,21,6,0.81527
32,21,8,0.77373
32,21,10,0.71432
32,22,0.1,0.91239
32,22,2,0.89626
32,22,4,0.8553
32,22,6,0.82435
32,22,8,0.77383
32,22,10,0.71717
32,23,0.1,0.91404
32,23,2,0.88925
32,23,4,0.85704
32,23,6,0.82129
32,23,8,0.77029
32,23,10,0.72833
32,24,0.1,0.91496
32,24,2,0.89076
32,24,4,0.86816
32,24,6,0.82124
32,24,8,0.77848
32,24,10,0.7136
32,25,0.1,0.91615
32,25,2,0.89427
32,25,4,0.86896
32,25,6,0.83681
32,25,8,0.77854
32,25,10,0.71973
32,26,0.1,0.91533
32,26,2,0.89837
32,26,4,0.87004
32,26,6,0.83304
32,26,8,0.78344
32,26,10,0.72774
32,27,0.1,0.91946
32,27,2,0.90089
32,27,4,0.87029
32,27,6,0.834
32,27,8,0.78818
32,27,10,0.72596
32,28,0.1,0.91824
32,28,2,0.9019
32,28,4,0.87517
32,28,6,0.83593
32,28,8,0.78076
32,28,10,0.73717
32,29,0.1,0.92033
32,29,2,0.90053
32,29,4,0.87517
32,29,6,0.83123
32,29,8,0.78717
32,29,10,0.73763
32,30,0.1,0.92252
32,30,2,0.90287
32,30,4,0.87529
32,30,6,0.83794
32,30,8,0.7869
32,30,10,0.74013
32,31,0.1,0.92253
32,31,2,0.89928
32,31,4,0.86994
32,31,6,0.83894
32,31,8,0.79559
32,31,10,0.73962
32,32,0.1,0.9213
32,32,2,0.90179
32,32,4,0.87382
32,32,6,0.83536
32,32,8,0.79561
32,32,10,0.74058
32,33,0.1,0.92821
32,33,2,0.902
32,33,4,0.87285
32,33,6,0.84297
32,33,8,0.79576
32,33,10,0.73129
32,34,0.1,0.92746
32,34,2,0.9036
32,34,4,0.87957
32,34,6,0.83897
32,34,8,0.80009
32,34,10,0.74069
32,35,0.1,0.92558
32,35,2,0.90119
32,35,4,0.88039
32,35,6,0.83925
32,35,8,0.79439
32,35,10,0.73578
32,36,0.1,0.92389
32,36,2,0.90524
32,36,4,0.87749
32,36,6,0.84192
32,36,8,0.80203
32,36,10,0.74865
32,37,0.1,0.92613
32,37,2,0.90832
32,37,4,0.8755
32,37,6,0.8445
32,37,8,0.79813
32,37,10,0.74774
32,38,0.1,0.92423
32,38,2,0.90795
32,38,4,0.87972
32,38,6,0.84151
32,38,8,0.79715
32,38,10,0.74046
32,39,0.1,0.92713
32,39,2,0.90683
32,39,4,0.87523
32,39,6,0.84198
32,39,8,0.79385
32,39,10,0.7487
32,40,0.1,0.92722
32,40,2,0.9062
32,40,4,0.88307
32,40,6,0.84788
32,40,8,0.79985
32,40,10,0.74361
32,41,0.1,0.92669
32,41,2,0.90705
32,41,4,0.88243
32,41,6,0.83988
32,41,8,0.79698
32,41,10,0.74612
32,42,0.1,0.92586
32,42,2,0.90753
32,42,4,0.87872
32,42,6,0.846
32,42,8,0.80186
32,42,10,0.74863
32,43,0.1,0.92859
32,43,2,0.90816
32,43,4,0.88039
32,43,6,0.84568
32,43,8,0.79605
32,43,10,0.74952
32,44,0.1,0.92556
32,44,2,0.91029
32,44,4,0.88162
32,44,6,0.84344
32,44,8,0.80264
32,44,10,0.73782
32,45,0.1,0.92817
32,45,2,0.90833
32,45,4,0.88163
32,45,6,0.83913
32,45,8,0.79185
32,45,10,0.75157
32,46,0.1,0.927
32,46,2,0.90857
32,46,4,0.88074
32,46,6,0.84253
32,46,8,0.79881
32,46,10,0.73909
32,47,0.1,0.92979
32,47,2,0.90692
32,47,4,0.8786
32,47,6,0.84881
32,47,8,0.79673
32,47,10,0.73977
32,48,0.1,0.92755
32,48,2,0.9048
32,48,4,0.87494
32,48,6,0.84241
32,48,8,0.79522
32,48,10,0.75494
32,49,0.1,0.92518
32,49,2,0.90744
32,49,4,0.87632
32,49,6,0.84326
32,49,8,0.78626
32,49,10,0.74666
32,50,0.1,0.92714
32,50,2,0.90737
32,50,4,0.87965
32,50,6,0.84053
32,50,8,0.79757
32,50,10,0.73231
32,51,0.1,0.92487
32,51,2,0.90504
32,51,4,0.87479
32,51,6,0.83429
32,51,8,0.79927
32,51,10,0.74167
32,52,0.1,0.92277
32,52,2,0.90604
32,52,4,0.87292
32,52,6,0.83898
32,52,8,0.79464
32,52,10,0.73657
32,53,0.1,0.92154
32,53,2,0.90889
32,53,4,0.87904
32,53,6,0.83696
32,53,8,0.78185
32,53,10,0.73902
32,54,0.1,0.92136
32,54,2,0.90209
32,54,4,0.87007
32,54,6,0.837
32,54,8,0.78947
32,54,10,0.74147
32,55,0.1,0.92214
32,55,2,0.90112
32,55,4,0.86995
32,55,6,0.82762
32,55,8,0.78723
32,55,10,0.73812
32,56,0.1,0.92244
32,56,2,0.90189
32,56,4,0.87012
32,56,6,0.84102
32,56,8,0.78049
32,56,10,0.72735
32,57,0.1,0.9196
32,57,2,0.90086
32,57,4,0.86743
32,57,6,0.83321
32,57,8,0.78838
32,57,10,0.72347
32,58,0.1,0.91964
32,58,2,0.89593
32,58,4,0.86988
32,58,6,0.82069
32,58,8,0.78202
32,58,10,0.71649
32,59,0.1,0.91667
32,59,2,0.89478
32,59,4,0.86537
32,59,6,0.82982
32,59,8,0.77342
32,59,10,0.71187
32,60,0.1,0.91208
32,60,2,0.88457
32,60,4,0.85685
32,60,6,0.81795
32,60,8,0.77074
32,60,10,0.71211
32,61,0.1,0.90863
32,61,2,0.88358
32,61,4,0.84894
32,61,6,0.81019
32,61,8,0.76389
32,61,10,0.70987
32,62,0.1,0.90437
32,62,2,0.87803
32,62,4,0.84363
32,62,6,0.78933
32,62,8,0.73749
32,62,10,0.69244
32,63,0.1,0.89527
32,63,2,0.86314
32,63,4,0.82494
32,63,6,0.7698
32,63,8,0.73631
32,63,10,0.66714
32,64,0.1,0.86594
32,64,2,0.82882
32,64,4,0.77478
32,64,6,0.72785
32,64,8,0.67246
32,64,10,0.62366
64,1,0.1,0.7455
64,1,2,0.642
64,1,4,0.541
64,1,6,0.4675
64,1,8,0.363
64,1,10,0.309
64,2,0.1,0.70167
64,2,2,0.64467
64,2,4,0.55
64,2,6,0.491
64,2,8,0.39467
64,2,10,0.30367
64,3,0.1,0.7305
64,3,2,0.67025
64,3,4,0.5995
64,3,6,0.52525
64,3,8,0.43075
64,3,10,0.35925
64,4,0.1,0.7538
64,4,2,0.6908
64,4,4,0.6312
64,4,6,0.5532
64,4,8,0.4578
64,4,10,0.3758
64,5,0.1,0.768
64,5,2,0.7145
64,5,4,0.657
64,5,6,0.57467
64,5,8,0.49817
64,5,10,0.38883
64,6,0.1,0.78871
64,6,2,0.739
64,6,4,0.66557
64,6,6,0.62129
64,6,8,0.51757
64,6,10,0.41786
64,7,0.1,0.79788
64,7,2,0.752
64,7,4,0.70388
64,7,6,0.611
64,7,8,0.49962
64,7,10,0.42475
64,8,0.1,0.81222
64,8,2,0.77433
64,8,4,0.69756
64,8,6,0.632
64,8,8,0.54522
64,8,10,0.43433
64,9,0.1,0.8185
64,9,2,0.7853
64,9,4,0.7279
64,9,6,0.6395
64,9,8,0.553
64,9,10,0.4356
64,10,0.1,0.82991
64,10,2,0.78918
64,10,4,0.73118
64,10,6,0.65118
64,10,8,0.57382
64,10,10,0.45755
64,11,0.1,0.83875
64,11,2,0.79683
64,11,4,0.74225
64,11,6,0.66667
64,11,8,0.551
64,11,10,0.46308
64,12,0.1,0.846
64,12,2,0.80446
64,12,4,0.75569
64,12,6,0.66523
64,12,8,0.55885
64,12,10,0.48315
64,13,0.1,0.84693
64,13,2,0.81743
64,13,4,0.76079
64,13,6,0.67907
64,13,8,0.593
64,13,10,0.47986
64,14,0.1,0.85773
64,14,2,0.82367
64,14,4,0.7686
64,14,6,0.6728
64,14,8,0.59147
64,14,10,0.48967
64,15,0.1,0.85944
64,15,2,0.82531
64,15,4,0.76187
64,15,6,0.70375
64,15,8,0.59344
64,15,10,0.49544
64,16,0.1,0.86765
64,16,2,0.82459
64,16,4,0.777
64,16,6,0.69388
64,16,8,0.61424
64,16,10,0.51129
64,17,0.1,0.86694
64,17,2,0.83228
64,17,4,0.76939
64,17,6,0.70656
64,17,8,0.61217
64,17,10,0.50167
64,18,0.1,0.86926
64,18,2,0.83984
64,18,4,0.78426
64,18,6,0.70074
64,18,8,0.61737
64,18,10,0.51689
64,19,0.1,0.8707
64,19,2,0.8439
64,19,4,0.78555
64,19,6,0.70695
64,19,8,0.61015
64,19,10,0.5171
64,20,0.1,0.88514
64,20,2,0.84348
64,20,4,0.78786
64,20,6,0.71324
64,20,8,0.64376
64,20,10,0.53381
64,21,0.1,0.88082
64,21,2,0.84364
64,21,4,0.78595
64,21,6,0.718
64,21,8,0.619
64,21,10,0.515
64,22,0.1,0.88261
64,22,2,0.85443
64,22,4,0.79574
64,22,6,0.71843
64,22,8,0.62696
64,22,10,0.53248
64,23,0.1,0.88454
64,23,2,0.84917
64,23,4,0.79633
64,23,6,0.73608
64,23,8,0.63783
64,23,10,0.53708
64,24,0.1,0.88888
64,24,2,0.86068
64,24,4,0.79916
64,24,6,0.72224
64,24,8,0.62612
64,24,10,0.54108
64,25,0.1,0.89054
64,25,2,0.86312
64,25,4,0.808
64,25,6,0.73569
64,25,8,0.63388
64,25,10,0.5305
64,26,0.1,0.8913
64,26,2,0.85904
64,26,4,0.80689
64,26,6,0.73344
64,26,8,0.64278
64,26,10,0.53711
64,27,0.1,0.8935
64,27,2,0.85607
64,27,4,0.80132
64,27,6,0.73118
64,27,8,0.66046
64,27,10,0.55739
64,28,0.1,0.89366
64,28,2,0.86379
64,28,4,0.80538
64,28,6,0.74914
64,28,8,0.66217
64,28,10,0.53152
64,29,0.1,0.89713
64,29,2,0.8652
64,29,4,0.80587
64,29,6,0.74997
64,29,8,0.66157
64,29,10,0.5552
64,30,0.1,0.89594
64,30,2,0.86668
64,30,4,0.80155
64,30,6,0.74994
64,30,8,0.65716
64,30,10,0.55842
64,31,0.1,0.89725
64,31,2,0.86647
64,31,4,0.81969
64,31,6,0.74687
64,31,8,0.67825
64,31,10,0.56853
64,32,0.1,0.89858
64,32,2,0.86715
64,32,4,0.81127
64,32,6,0.74921
64,32,8,0.66052
64,32,10,0.55045
64,33,0.1,0.89335
64,33,2,0.872
64,33,4,0.8165
64,33,6,0.74438
64,33,8,0.67768
64,33,10,0.534
64,34,0.1,0.89974
64,34,2,0.86363
64,34,4,0.82554
64,34,6,0.75174
64,34,8,0.66186
64,34,10,0.5648
64,35,0.1,0.89939
64,35,2,0.86297
64,35,4,0.81647
64,35,6,0.762
64,35,8,0.66419
64,35,10,0.55497
64,36,0.1,0.90557
64,36,2,0.86195
64,36,4,0.81165
64,36,6,0.75786
64,36,8,0.67903
64,36,10,0.58581
64,37,0.1,0.90503
64,37,2,0.87411
64,37,4,0.81834
64,37,6,0.76508
64,37,8,0.67513
64,37,10,0.57024
64,38,0.1,0.90549
64,38,2,0.87044
64,38,4,0.83328
64,38,6,0.76026
64,38,8,0.67146
64,38,10,0.57851
64,39,0.1,0.90633
64,39,2,0.87325
64,39,4,0.82803
64,39,6,0.75788
64,39,8,0.6847
64,39,10,0.5504
64,40,0.1,0.90322
64,40,2,0.87754
64,40,4,0.82122
64,40,6,0.75654
64,40,8,0.65412
64,40,10,0.57205
64,41,0.1,0.90386
64,41,2,0.87362
64,41,4,0.82881
64,41,6,0.75276
64,41,8,0.67617
64,41,10,0.57552
64,42,0.1,0.90784
64,42,2,0.87021
64,42,4,0.82712
64,42,6,0.75595
64,42,8,0.66895
64,42,10,0.56112
64,43,0.1,0.90089
64,43,2,0.87159
64,43,4,0.82802
64,43,6,0.7568
64,43,8,0.6857
64,43,10,0.57902
64,44,0.1,0.90189
64,44,2,0.87242
64,44,4,0.82191
64,44,6,0.76582
64,44,8,0.67456
64,44,10,0.56936
64,45,0.1,0.90817
64,45,2,0.87404
64,45,4,0.83243
64,45,6,0.75898
64,45,8,0.66915
64,45,10,0.56861
64,46,0.1,0.89962
64,46,2,0.8777
64,46,4,0.8193
64,46,6,0.75774
64,46,8,0.67772
64,46,10,0.56181
64,47,0.1,0.90379
64,47,2,0.8756
64,47,4,0.82842
64,47,6,0.76285
64,47,8,0.6751
64,47,10,0.588
64,48,0.1,0.90531
64,48,2,0.87676
64,48,4,0.82704
64,48,6,0.75482
64,48,8,0.6782
64,48,10,0.59049
64,49,0.1,0.90006
64,49,2,0.87464
64,49,4,0.82592
64,49,6,0.75886
64,49,8,0.67724
64,49,10,0.58784
64,50,0.1,0.9032
64,50,2,0.8702
64,50,4,0.82833
64,50,6,0.75416
64,50,8,0.68065
64,50,10,0.56655
64,51,0.1,0.90306
64,51,2,0.86719
64,51,4,0.82712
64,51,6,0.74946
64,51,8,0.67256
64,51,10,0.58287
64,52,0.1,0.90519
64,52,2,0.87658
64,52,4,0.82821
64,52,6,0.75709
64,52,8,0.66913
64,52,10,0.57083
64,53,0.1,0.90278
64,53,2,0.86552
64,53,4,0.82398
64,53,6,0.74863
64,53,8,0.67081
64,53,10,0.563
64,54,0.1,0.89676
64,54,2,0.86551
64,54,4,0.81471
64,54,6,0.76984
64,54,8,0.67745
64,54,10,0.56007
64,55,0.1,0.89462
64,55,2,0.86477
64,55,4,0.81743
64,55,6,0.75968
64,55,8,0.64943
64,55,10,0.56637
64,56,0.1,0.89972
64,56,2,0.86782
64,56,4,0.82474
64,56,6,0.75495
64,56,8,0.66626
64,56,10,0.56879
64,57,0.1,0.89443
64,57,2,0.86398
64,57,4,0.82328
64,57,6,0.73374
64,57,8,0.65352
64,57,10,0.55367
64,58,0.1,0.89005
64,58,2,0.86273
64,58,4,0.80159
64,58,6,0.73258
64,58,8,0.64185
64,58,10,0.53585
64,59,0.1,0.88592
64,59,2,0.85032
64,59,4,0.80213
64,59,6,0.7347
64,59,8,0.63675
64,59,10,0.5256
64,60,0.1,0.89236
64,60,2,0.85459
64,60,4,0.80059
64,60,6,0.72036
64,60,8,0.62089
64,60,10,0.53333
64,61,0.1,0.87276
64,61,2,0.83645
64,61,4,0.78189
64,61,6,0.71997
64,61,8,0.60944
64,61,10,0.50771
64,62,0.1,0.87454
64,62,2,0.82471
64,62,4,0.76602
64,62,6,0.708
64,62,8,0.59948
64,62,10,0.49384
64,63,0.1,0.85202
64,63,2,0.80511
64,63,4,0.74177
64,63,6,0.65727
64,63,8,0.55906
64,63,10,0.45973
64,64,0.1,0.81485
64,64,2,0.74782
64,64,4,0.66802
64,64,6,0.59634
64,64,8,0.47706
64,64,10,0.38178
128,1,0.1,0.777
128,1,2,0.6935
128,1,4,0.6475
128,1,6,0.557
128,1,8,0.487
128,1,10,0.406
128,2,0.1,0.752
128,2,2,0.699
128,2,4,0.648
128,2,6,0.584
128,2,8,0.52767
128,2,10,0.42567
128,3,0.1,0.76225
128,3,2,0.734
128,3,4,0.68025
128,3,6,0.63725
128,3,8,0.57425
128,3,10,0.47325
128,4,0.1,0.7824
128,4,2,0.7568
128,4,4,0.7124
128,4,6,0.6712
128,4,8,0.5884
128,4,10,0.5258
128,5,0.1,0.8025
128,5,2,0.78683
128,5,4,0.74517
128,5,6,0.68767
128,5,8,0.62433
128,5,10,0.56183
128,6,0.1,0.82286
128,6,2,0.80671
128,6,4,0.77043
128,6,6,0.711
128,6,8,0.64757
128,6,10,0.57529
128,7,0.1,0.83825
128,7,2,0.82
128,7,4,0.77612
128,7,6,0.73813
128,7,8,0.66525
128,7,10,0.60137
128,8,0.1,0.85356
128,8,2,0.83322
128,8,4,0.78333
128,8,6,0.755
128,8,8,0.69078
128,8,10,0.601
128,9,0.1,0.8666
128,9,2,0.843
128,9,4,0.8101
128,9,6,0.762
128,9,8,0.6941
128,9,10,0.6096
128,10,0.1,0.86936
128,10,2,0.84764
128,10,4,0.82
128,10,6,0.772
128,10,8,0.71027
128,10,10,0.61855
128,11,0.1,0.87742
128,11,2,0.86058
128,11,4,0.82533
128,11,6,0.77983
128,11,8,0.708
128,11,10,0.63517
128,12,0.1,0.88346
128,12,2,0.86531
128,12,4,0.83946
128,12,6,0.79646
128,12,8,0.71615
128,12,10,0.63115
128,13,0.1,0.89136
128,13,2,0.87643
128,13,4,0.83979
128,13,6,0.79286
128,13,8,0.73857
128,13,10,0.63886
128,14,0.1,0.89413
128,14,2,0.87713
128,14,4,0.8498
128,14,6,0.78893
128,14,8,0.74433
128,14,10,0.64453
128,15,0.1,0.89887
128,15,2,0.88106
128,15,4,0.85144
128,15,6,0.80763
128,15,8,0.74
128,15,10,0.64269
128,16,0.1,0.90582
128,16,2,0.88829
128,16,4,0.85459
128,16,6,0.80835
128,16,8,0.737
128,16,10,0.65324
128,17,0.1,0.9075
128,17,2,0.89061
128,17,4,0.8615
128,17,6,0.81589
128,17,8,0.74722
128,17,10,0.67044
128,18,0.1,0.91095
128,18,2,0.89511
128,18,4,0.86174
128,18,6,0.80879
128,18,8,0.74953
128,18,10,0.66621
128,19,0.1,0.91295
128,19,2,0.8983
128,19,4,0.86475
128,19,6,0.81865
128,19,8,0.7562
128,19,10,0.66415
128,20,0.1,0.91705
128,20,2,0.90076
128,20,4,0.87005
128,20,6,0.822
128,20,8,0.75462
128,20,10,0.67343
128,21,0.1,0.91982
128,21,2,0.90118
128,21,4,0.874
128,21,6,0.83164
128,21,8,0.77041
128,21,10,0.67586
128,22,0.1,0.92139
128,22,2,0.90178
128,22,4,0.86504
128,22,6,0.82904
128,22,8,0.75678
128,22,10,0.6913
128,23,0.1,0.92367
128,23,2,0.90817
128,23,4,0.87646
128,23,6,0.83033
128,23,8,0.77596
128,23,10,0.69021
128,24,0.1,0.92232
128,24,2,0.90764
128,24,4,0.88288
128,24,6,0.8346
128,24,8,0.7746
128,24,10,0.70844
128,25,0.1,0.92512
128,25,2,0.90908
128,25,4,0.88238
128,25,6,0.84377
128,25,8,0.77508
128,25,10,0.69519
128,26,0.1,0.92548
128,26,2,0.91267
128,26,4,0.88352
128,26,6,0.84137
128,26,8,0.78207
128,26,10,0.69748
128,27,0.1,0.93071
128,27,2,0.91214
128,27,4,0.88436
128,27,6,0.83268
128,27,8,0.78129
128,27,10,0.70239
128,28,0.1,0.93117
128,28,2,0.91314
128,28,4,0.88738
128,28,6,0.84772
128,28,8,0.77993
128,28,10,0.68972
128,29,0.1,0.93483
128,29,2,0.91657
128,29,4,0.8894
128,29,6,0.84983
128,29,8,0.78763
128,29,10,0.70103
128,30,0.1,0.93329
128,30,2,0.92281
128,30,4,0.88787
128,30,6,0.8409
128,30,8,0.78513
128,30,10,0.71029
128,31,0.1,0.93484
128,31,2,0.91919
128,31,4,0.89319
128,31,6,0.85819
128,31,8,0.80047
128,31,10,0.70894
128,32,0.1,0.93727
128,32,2,0.91782
128,32,4,0.88836
128,32,6,0.84615
128,32,8,0.78512
128,32,10,0.68967
128,33,0.1,0.93709
128,33,2,0.91912
128,33,4,0.89759
128,33,6,0.84868
128,33,8,0.79812
128,33,10,0.70562
128,34,0.1,0.93591
128,34,2,0.92177
128,34,4,0.89614
128,34,6,0.85089
128,34,8,0.80377
128,34,10,0.71317
128,35,0.1,0.93836
128,35,2,0.92381
128,35,4,0.89547
128,35,6,0.85386
128,35,8,0.78881
128,35,10,0.70281
128,36,0.1,0.93695
128,36,2,0.92168
128,36,4,0.90049
128,36,6,0.85173
128,36,8,0.78868
128,36,10,0.71154
128,37,0.1,0.93861
128,37,2,0.92689
128,37,4,0.89339
128,37,6,0.85424
128,37,8,0.79792
128,37,10,0.71295
128,38,0.1,0.93956
128,38,2,0.92221
128,38,4,0.89985
128,38,6,0.85749
128,38,8,0.79833
128,38,10,0.71923
128,39,0.1,0.93853
128,39,2,0.92988
128,39,4,0.89715
128,39,6,0.85293
128,39,8,0.79303
128,39,10,0.71718
128,40,0.1,0.94171
128,40,2,0.92293
128,40,4,0.89978
128,40,6,0.86641
128,40,8,0.81273
128,40,10,0.73122
128,41,0.1,0.94136
128,41,2,0.92519
128,41,4,0.89726
128,41,6,0.85621
128,41,8,0.78967
128,41,10,0.7196
128,42,0.1,0.94098
128,42,2,0.92642
128,42,4,0.90035
128,42,6,0.85821
128,42,8,0.79502
128,42,10,0.71077
128,43,0.1,0.94277
128,43,2,0.92689
128,43,4,0.902
128,43,6,0.86484
128,43,8,0.79834
128,43,10,0.71836
128,44,0.1,0.94009
128,44,2,0.92662
128,44,4,0.90076
128,44,6,0.86331
128,44,8,0.7962
128,44,10,0.72664
128,45,0.1,0.94141
128,45,2,0.92598
128,45,4,0.8995
128,45,6,0.85152
128,45,8,0.80678
128,45,10,0.72807
128,46,0.1,0.94372
128,46,2,0.92689
128,46,4,0.89745
128,46,6,0.85881
128,46,8,0.79738
128,46,10,0.72883
128,47,0.1,0.94227
128,47,2,0.92537
128,47,4,0.89704
128,47,6,0.86625
128,47,8,0.80513
128,47,10,0.71194
128,48,0.1,0.94286
128,48,2,0.92794
128,48,4,0.90212
128,48,6,0.86208
128,48,8,0.79953
128,48,10,0.72165
128,49,0.1,0.94168
128,49,2,0.9256
128,49,4,0.90098
128,49,6,0.85702
128,49,8,0.78648
128,49,10,0.71918
128,50,0.1,0.94369
128,50,2,0.92465
128,50,4,0.90198
128,50,6,0.85161
128,50,8,0.80578
128,50,10,0.73514
128,51,0.1,0.94185
128,51,2,0.92494
128,51,4,0.90273
128,51,6,0.86304
128,51,8,0.80921
128,51,10,0.72523
128,52,0.1,0.93945
128,52,2,0.92187
128,52,4,0.89934
128,52,6,0.86534
128,52,8,0.78781
128,52,10,0.713
128,53,0.1,0.94178
128,53,2,0.93089
128,53,4,0.9013
128,53,6,0.85746
128,53,8,0.79215
128,53,10,0.71409
128,54,0.1,0.94589
128,54,2,0.92687
128,54,4,0.9028
128,54,6,0.85125
128,54,8,0.7826
128,54,10,0.72695
128,55,0.1,0.94166
128,55,2,0.92202
128,55,4,0.90271
128,55,6,0.85654
128,55,8,0.80482
128,55,10,0.72552
128,56,0.1,0.94049
128,56,2,0.9224
128,56,4,0.89768
128,56,6,0.85333
128,56,8,0.79351
128,56,10,0.71625
128,57,0.1,0.93695
128,57,2,0.92519
128,57,4,0.89445
128,57,6,0.84919
128,57,8,0.79814
128,57,10,0.70164
128,58,0.1,0.93846
128,58,2,0.92549
128,58,4,0.88629
128,58,6,0.85236
128,58,8,0.78232
128,58,10,0.72863
128,59,0.1,0.93982
128,59,2,0.91593
128,59,4,0.89098
128,59,6,0.8455
128,59,8,0.78083
128,59,10,0.69402
128,60,0.1,0.93423
128,60,2,0.91262
128,60,4,0.88961
128,60,6,0.84428
128,60,8,0.77552
128,60,10,0.68959
128,61,0.1,0.9314
128,61,2,0.91492
128,61,4,0.88302
128,61,6,0.839
128,61,8,0.76202
128,61,10,0.67405
128,62,0.1,0.92765
128,62,2,0.9077
128,62,4,0.87289
128,62,6,0.82124
128,62,8,0.75554
128,62,10,0.68048
128,63,0.1,0.91875
128,63,2,0.89622
128,63,4,0.86117
128,63,6,0.8005
128,63,8,0.73453
128,63,10,0.64787
128,64,0.1,0.89726
128,64,2,0.87143
128,64,4,0.81848
128,64,6,0.76814
128,64,8,0.69071
128,64,10,0.58482
256,1,0.1,0.7725
256,1,2,0.702
256,1,4,0.6545
256,1,6,0.576
256,1,8,0.5115
256,1,10,0.442
256,2,0.1,0.75833
256,2,2,0.71433
256,2,4,0.667
256,2,6,0.618
256,2,8,0.57533
256,2,10,0.49933
256,3,0.1,0.78825
256,3,2,0.75425
256,3,4,0.70975
256,3,6,0.6835
256,3,8,0.623
256,3,10,0.55675
256,4,0.1,0.814
256,4,2,0.7816
256,4,4,0.7558
256,4,6,0.7168
256,4,8,0.6494
256,4,10,0.6072
256,5,0.1,0.82333
256,5,2,0.79967
256,5,4,0.77533
256,5,6,0.73283
256,5,8,0.6925
256,5,10,0.63133
256,6,0.1,0.84
256,6,2,0.823
256,6,4,0.80071
256,6,6,0.75957
256,6,8,0.71543
256,6,10,0.63886
256,7,0.1,0.85537
256,7,2,0.84037
256,7,4,0.81575
256,7,6,0.78487
256,7,8,0.72537
256,7,10,0.67138
256,8,0.1,0.86944
256,8,2,0.85333
256,8,4,0.83067
256,8,6,0.79633
256,8,8,0.73878
256,8,10,0.68333
256,9,0.1,0.8772
256,9,2,0.8654
256,9,4,0.8403
256,9,6,0.7945
256,9,8,0.7504
256,9,10,0.6757
256,10,0.1,0.88864
256,10,2,0.87509
256,10,4,0.85073
256,10,6,0.81664
256,10,8,0.76209
256,10,10,0.69345
256,11,0.1,0.89325
256,11,2,0.87958
256,11,4,0.85892
256,11,6,0.82025
256,11,8,0.77458
256,11,10,0.70608
256,12,0.1,0.90185
256,12,2,0.88846
256,12,4,0.86554
256,12,6,0.82546
256,12,8,0.77831
256,12,10,0.70031
256,13,0.1,0.90386
256,13,2,0.88979
256,13,4,0.87079
256,13,6,0.83521
256,13,8,0.78714
256,13,10,0.72486
256,14,0.1,0.91107
256,14,2,0.89253
256,14,4,0.87547
256,14,6,0.8464
256,14,8,0.7946
256,14,10,0.73353
256,15,0.1,0.91425
256,15,2,0.90119
256,15,4,0.88025
256,15,6,0.84619
256,15,8,0.79463
256,15,10,0.73575
256,16,0.1,0.919
256,16,2,0.90894
256,16,4,0.88535
256,16,6,0.84947
256,16,8,0.79488
256,16,10,0.73265
256,17,0.1,0.92217
256,17,2,0.90928
256,17,4,0.88911
256,17,6,0.85744
256,17,8,0.80156
256,17,10,0.73356
256,18,0.1,0.92205
256,18,2,0.91442
256,18,4,0.89616
256,18,6,0.85221
256,18,8,0.80716
256,18,10,0.73121
256,19,0.1,0.92655
256,19,2,0.91645
256,19,4,0.8933
256,19,6,0.86105
256,19,8,0.8146
256,19,10,0.74395
256,20,0.1,0.92962
256,20,2,0.91776
256,20,4,0.90267
256,20,6,0.86524
256,20,8,0.81129
256,20,10,0.73962
256,21,0.1,0.93227
256,21,2,0.91955
256,21,4,0.90491
256,21,6,0.86332
256,21,8,0.82673
256,21,10,0.75527
256,22,0.1,0.93252
256,22,2,0.92278
256,22,4,0.89948
256,22,6,0.86935
256,22,8,0.82217
256,22,10,0.75343
256,23,0.1,0.93988
256,23,2,0.9235
256,23,4,0.90288
256,23,6,0.87396
256,23,8,0.82396
256,23,10,0.76442
256,24,0.1,0.93936
256,24,2,0.92592
256,24,4,0.90588
256,24,6,0.87556
256,24,8,0.82348
256,24,10,0.76836
256,25,0.1,0.93896
256,25,2,0.93023
256,25,4,0.90788
256,25,6,0.87015
256,25,8,0.82831
256,25,10,0.76646
256,26,0.1,0.94144
256,26,2,0.92763
256,26,4,0.91122
256,26,6,0.87844
256,26,8,0.82707
256,26,10,0.76415
256,27,0.1,0.94418
256,27,2,0.92907
256,27,4,0.91114
256,27,6,0.87925
256,27,8,0.83343
256,27,10,0.7505
256,28,0.1,0.94472
256,28,2,0.92997
256,28,4,0.91386
256,28,6,0.88034
256,28,8,0.83286
256,28,10,0.7719
256,29,0.1,0.9451
256,29,2,0.93477
256,29,4,0.91763
256,29,6,0.88153
256,29,8,0.8273
256,29,10,0.768
256,30,0.1,0.94587
256,30,2,0.93881
256,30,4,0.91403
256,30,6,0.88119
256,30,8,0.82852
256,30,10,0.77
256,31,0.1,0.94837
256,31,2,0.93619
256,31,4,0.91747
256,31,6,0.89178
256,31,8,0.84016
256,31,10,0.7705
256,32,0.1,0.94709
256,32,2,0.936
256,32,4,0.91627
256,32,6,0.89085
256,32,8,0.82636
256,32,10,0.77361
256,33,0.1,0.94988
256,33,2,0.93829
256,33,4,0.91909
256,33,6,0.89088
256,33,8,0.84197
256,33,10,0.77191
256,34,0.1,0.94906
256,34,2,0.93557
256,34,4,0.92149
256,34,6,0.89306
256,34,8,0.84449
256,34,10,0.77374
256,35,0.1,0.95
256,35,2,0.94022
256,35,4,0.91517
256,35,6,0.88811
256,35,8,0.83711
256,35,10,0.77717
256,36,0.1,0.95059
256,36,2,0.93997
256,36,4,0.92159
256,36,6,0.88738
256,36,8,0.84757
256,36,10,0.77841
256,37,0.1,0.95079
256,37,2,0.94126
256,37,4,0.92061
256,37,6,0.89484
256,37,8,0.84713
256,37,10,0.78537
256,38,0.1,0.95436
256,38,2,0.94405
256,38,4,0.92069
256,38,6,0.89251
256,38,8,0.85179
256,38,10,0.77641
256,39,0.1,0.95593
256,39,2,0.9412
256,39,4,0.92605
256,39,6,0.89485
256,39,8,0.84998
256,39,10,0.79083
256,40,0.1,0.9532
256,40,2,0.94385
256,40,4,0.92471
256,40,6,0.89741
256,40,8,0.8561
256,40,10,0.78902
256,41,0.1,0.95479
256,41,2,0.94219
256,41,4,0.92845
256,41,6,0.89802
256,41,8,0.85179
256,41,10,0.79036
256,42,0.1,0.95672
256,42,2,0.94198
256,42,4,0.92612
256,42,6,0.90279
256,42,8,0.85114
256,42,10,0.78267
256,43,0.1,0.9558
256,43,2,0.9432
256,43,4,0.9252
256,43,6,0.8917
256,43,8,0.84591
256,43,10,0.78434
256,44,0.1,0.95327
256,44,2,0.94338
256,44,4,0.92624
256,44,6,0.89389
256,44,8,0.8528
256,44,10,0.78427
256,45,0.1,0.95733
256,45,2,0.94563
256,45,4,0.92946
256,45,6,0.89248
256,45,8,0.8557
256,45,10,0.78165
256,46,0.1,0.9566
256,46,2,0.94747
256,46,4,0.92698
256,46,6,0.89349
256,46,8,0.86021
256,46,10,0.78653
256,47,0.1,0.95583
256,47,2,0.94681
256,47,4,0.92946
256,47,6,0.89831
256,47,8,0.85444
256,47,10,0.784
256,48,0.1,0.9589
256,48,2,0.94576
256,48,4,0.93218
256,48,6,0.8961
256,48,8,0.85324
256,48,10,0.78747
256,49,0.1,0.9586
256,49,2,0.94694
256,49,4,0.9263
256,49,6,0.89948
256,49,8,0.8473
256,49,10,0.7921
256,50,0.1,0.95827
256,50,2,0.94641
256,50,4,0.92733
256,50,6,0.89857
256,50,8,0.85708
256,50,10,0.78673
256,51,0.1,0.95763
256,51,2,0.94537
256,51,4,0.9279
256,51,6,0.8984
256,51,8,0.84781
256,51,10,0.78675
256,52,0.1,0.9586
256,52,2,0.94817
256,52,4,0.93083
256,52,6,0.90174
256,52,8,0.85391
256,52,10,0.78734
256,53,0.1,0.9582
256,53,2,0.94459
256,53,4,0.92793
256,53,6,0.89878
256,53,8,0.85046
256,53,10,0.77663
256,54,0.1,0.95815
256,54,2,0.94675
256,54,4,0.92513
256,54,6,0.89731
256,54,8,0.85229
256,54,10,0.78422
256,55,0.1,0.95655
256,55,2,0.94623
256,55,4,0.92484
256,55,6,0.8965
256,55,8,0.84637
256,55,10,0.78411
256,56,0.1,0.9586
256,56,2,0.94756
256,56,4,0.92326
256,56,6,0.89646
256,56,8,0.84767
256,56,10,0.78589
256,57,0.1,0.95909
256,57,2,0.94297
256,57,4,0.92866
256,57,6,0.89217
256,57,8,0.84959
256,57,10,0.77717
256,58,0.1,0.95656
256,58,2,0.94383
256,58,4,0.92163
256,58,6,0.89627
256,58,8,0.83954
256,58,10,0.77651
256,59,0.1,0.95678
256,59,2,0.94282
256,59,4,0.92303
256,59,6,0.88577
256,59,8,0.84433
256,59,10,0.77747
256,60,0.1,0.9542
256,60,2,0.94369
256,60,4,0.91852
256,60,6,0.89418
256,60,8,0.84275
256,60,10,0.77249
256,61,0.1,0.9534
256,61,2,0.94279
256,61,4,0.92042
256,61,6,0.88129
256,61,8,0.82869
256,61,10,0.7665
256,62,0.1,0.94856
256,62,2,0.93622
256,62,4,0.91213
256,62,6,0.87579
256,62,8,0.81949
256,62,10,0.75592
256,63,0.1,0.94722
256,63,2,0.92622
256,63,4,0.90644
256,63,6,0.86819
256,63,8,0.81975
256,63,10,0.74316
256,64,0.1,0.9328
256,64,2,0.91262
256,64,4,0.88451
256,64,6,0.83997
256,64,8,0.78892
256,64,10,0.70598
